round_epochs,loss,acc,val_loss,val_acc,activation,batch_size,dropout,emb_output_dims,epochs,last_activation,losses,lr,neurons,optimizer,shape,weight_regulizer
100,0.49730074405670166,0.7180989384651184,0.49005645513534546,0.6995447874069214,<function tanh at 0x7f0a1a5a0170>,16,0.1,None,100,<function sigmoid at 0x7f0a1a5a0320>,<function binary_crossentropy at 0x7f0a1a8324d0>,0.01,5,<class 'keras.optimizer_v2.gradient_descent.SGD'>,brick,None
100,0.4812610149383545,0.7337239384651184,0.48563477396965027,0.714719295501709,<function tanh at 0x7f0a1a5a0170>,16,0.1,None,100,<function sigmoid at 0x7f0a1a5a0320>,<function binary_crossentropy at 0x7f0a1a8324d0>,0.01,5,<class 'keras.optimizer_v2.gradient_descent.SGD'>,long_funnel,None
100,0.4064975082874298,0.798828125,0.4216819405555725,0.7814871072769165,<function tanh at 0x7f0a1a5a0170>,16,0.1,None,100,<function sigmoid at 0x7f0a1a5a0320>,<function binary_crossentropy at 0x7f0a1a8324d0>,0.01,5,<class 'keras.optimizer_v2.adam.Adam'>,brick,None
100,0.41298648715019226,0.794921875,0.41442978382110596,0.7784522175788879,<function tanh at 0x7f0a1a5a0170>,16,0.1,None,100,<function sigmoid at 0x7f0a1a5a0320>,<function binary_crossentropy at 0x7f0a1a8324d0>,0.01,5,<class 'keras.optimizer_v2.adam.Adam'>,long_funnel,None
100,0.4275573194026947,0.7740885615348816,0.4210473597049713,0.7754173278808594,<function tanh at 0x7f0a1a5a0170>,16,0.1,None,100,<function sigmoid at 0x7f0a1a5a0320>,<function binary_crossentropy at 0x7f0a1a8324d0>,0.01,5,<class 'keras.optimizer_v2.rmsprop.RMSprop'>,brick,None
100,0.42381754517555237,0.7884114384651184,0.4180963337421417,0.772382378578186,<function tanh at 0x7f0a1a5a0170>,16,0.1,None,100,<function sigmoid at 0x7f0a1a5a0320>,<function binary_crossentropy at 0x7f0a1a8324d0>,0.01,5,<class 'keras.optimizer_v2.rmsprop.RMSprop'>,long_funnel,None
100,0.4740963876247406,0.7330729365348816,0.4971252381801605,0.6949924230575562,<function tanh at 0x7f0a1a5a0170>,16,0.1,None,100,<function sigmoid at 0x7f0a1a5a0320>,<function binary_crossentropy at 0x7f0a1a8324d0>,0.01,15,<class 'keras.optimizer_v2.gradient_descent.SGD'>,brick,None
100,0.4790494441986084,0.7278645634651184,0.487066388130188,0.6980273127555847,<function tanh at 0x7f0a1a5a0170>,16,0.1,None,100,<function sigmoid at 0x7f0a1a5a0320>,<function binary_crossentropy at 0x7f0a1a8324d0>,0.01,15,<class 'keras.optimizer_v2.gradient_descent.SGD'>,long_funnel,None
100,0.41379401087760925,0.7923176884651184,0.40795648097991943,0.7860394716262817,<function tanh at 0x7f0a1a5a0170>,16,0.1,None,100,<function sigmoid at 0x7f0a1a5a0320>,<function binary_crossentropy at 0x7f0a1a8324d0>,0.01,15,<class 'keras.optimizer_v2.adam.Adam'>,brick,None
100,0.40169990062713623,0.798828125,0.41499409079551697,0.7860394716262817,<function tanh at 0x7f0a1a5a0170>,16,0.1,None,100,<function sigmoid at 0x7f0a1a5a0320>,<function binary_crossentropy at 0x7f0a1a8324d0>,0.01,15,<class 'keras.optimizer_v2.adam.Adam'>,long_funnel,None
100,0.4242195785045624,0.7916666865348816,0.431365042924881,0.7708649635314941,<function tanh at 0x7f0a1a5a0170>,16,0.1,None,100,<function sigmoid at 0x7f0a1a5a0320>,<function binary_crossentropy at 0x7f0a1a8324d0>,0.01,15,<class 'keras.optimizer_v2.rmsprop.RMSprop'>,brick,None
100,0.4265327453613281,0.77734375,0.4222783148288727,0.7678300738334656,<function tanh at 0x7f0a1a5a0170>,16,0.1,None,100,<function sigmoid at 0x7f0a1a5a0320>,<function binary_crossentropy at 0x7f0a1a8324d0>,0.01,15,<class 'keras.optimizer_v2.rmsprop.RMSprop'>,long_funnel,None
100,0.6778302788734436,0.5852864384651184,0.6709010601043701,0.6084977388381958,<function tanh at 0x7f0a1a5a0170>,16,0.1,None,100,<function sigmoid at 0x7f0a1a5a0320>,<function binary_crossentropy at 0x7f0a1a8324d0>,0.001,5,<class 'keras.optimizer_v2.gradient_descent.SGD'>,brick,None
100,0.6790172457695007,0.5852864384651184,0.671849250793457,0.6084977388381958,<function tanh at 0x7f0a1a5a0170>,16,0.1,None,100,<function sigmoid at 0x7f0a1a5a0320>,<function binary_crossentropy at 0x7f0a1a8324d0>,0.001,5,<class 'keras.optimizer_v2.gradient_descent.SGD'>,long_funnel,None
100,0.44170668721199036,0.77734375,0.446914941072464,0.7572078704833984,<function tanh at 0x7f0a1a5a0170>,16,0.1,None,100,<function sigmoid at 0x7f0a1a5a0320>,<function binary_crossentropy at 0x7f0a1a8324d0>,0.001,5,<class 'keras.optimizer_v2.adam.Adam'>,brick,None
100,0.43953296542167664,0.7734375,0.4414699673652649,0.7678300738334656,<function tanh at 0x7f0a1a5a0170>,16,0.1,None,100,<function sigmoid at 0x7f0a1a5a0320>,<function binary_crossentropy at 0x7f0a1a8324d0>,0.001,5,<class 'keras.optimizer_v2.adam.Adam'>,long_funnel,None
100,0.44950518012046814,0.7565104365348816,0.45000720024108887,0.7572078704833984,<function tanh at 0x7f0a1a5a0170>,16,0.1,None,100,<function sigmoid at 0x7f0a1a5a0320>,<function binary_crossentropy at 0x7f0a1a8324d0>,0.001,5,<class 'keras.optimizer_v2.rmsprop.RMSprop'>,brick,None
100,0.45189759135246277,0.7643229365348816,0.47710520029067993,0.7314112186431885,<function tanh at 0x7f0a1a5a0170>,16,0.1,None,100,<function sigmoid at 0x7f0a1a5a0320>,<function binary_crossentropy at 0x7f0a1a8324d0>,0.001,5,<class 'keras.optimizer_v2.rmsprop.RMSprop'>,long_funnel,None
100,0.6779381632804871,0.5852864384651184,0.6708651185035706,0.6084977388381958,<function tanh at 0x7f0a1a5a0170>,16,0.1,None,100,<function sigmoid at 0x7f0a1a5a0320>,<function binary_crossentropy at 0x7f0a1a8324d0>,0.001,15,<class 'keras.optimizer_v2.gradient_descent.SGD'>,brick,None
100,0.6765328049659729,0.5852864384651184,0.6695542931556702,0.6084977388381958,<function tanh at 0x7f0a1a5a0170>,16,0.1,None,100,<function sigmoid at 0x7f0a1a5a0320>,<function binary_crossentropy at 0x7f0a1a8324d0>,0.001,15,<class 'keras.optimizer_v2.gradient_descent.SGD'>,long_funnel,None
100,0.42797139286994934,0.775390625,0.4305155873298645,0.7632777094841003,<function tanh at 0x7f0a1a5a0170>,16,0.1,None,100,<function sigmoid at 0x7f0a1a5a0320>,<function binary_crossentropy at 0x7f0a1a8324d0>,0.001,15,<class 'keras.optimizer_v2.adam.Adam'>,brick,None
100,0.43178901076316833,0.7747395634651184,0.4395226240158081,0.7632777094841003,<function tanh at 0x7f0a1a5a0170>,16,0.1,None,100,<function sigmoid at 0x7f0a1a5a0320>,<function binary_crossentropy at 0x7f0a1a8324d0>,0.001,15,<class 'keras.optimizer_v2.adam.Adam'>,long_funnel,None
100,0.4351886808872223,0.7786458134651184,0.4379602074623108,0.752655565738678,<function tanh at 0x7f0a1a5a0170>,16,0.1,None,100,<function sigmoid at 0x7f0a1a5a0320>,<function binary_crossentropy at 0x7f0a1a8324d0>,0.001,15,<class 'keras.optimizer_v2.rmsprop.RMSprop'>,brick,None
100,0.4543369710445404,0.775390625,0.44529810547828674,0.7632777094841003,<function tanh at 0x7f0a1a5a0170>,16,0.1,None,100,<function sigmoid at 0x7f0a1a5a0320>,<function binary_crossentropy at 0x7f0a1a8324d0>,0.001,15,<class 'keras.optimizer_v2.rmsprop.RMSprop'>,long_funnel,None
100,0.4711253345012665,0.759765625,0.45453080534935,0.7663125991821289,<function tanh at 0x7f0a1a5a0170>,16,0.2,None,100,<function sigmoid at 0x7f0a1a5a0320>,<function binary_crossentropy at 0x7f0a1a8324d0>,0.01,5,<class 'keras.optimizer_v2.gradient_descent.SGD'>,brick,None
100,0.48752322793006897,0.734375,0.4865294396877289,0.7132018208503723,<function tanh at 0x7f0a1a5a0170>,16,0.2,None,100,<function sigmoid at 0x7f0a1a5a0320>,<function binary_crossentropy at 0x7f0a1a8324d0>,0.01,5,<class 'keras.optimizer_v2.gradient_descent.SGD'>,long_funnel,None
100,0.45627400279045105,0.7747395634651184,0.4443812370300293,0.752655565738678,<function tanh at 0x7f0a1a5a0170>,16,0.2,None,100,<function sigmoid at 0x7f0a1a5a0320>,<function binary_crossentropy at 0x7f0a1a8324d0>,0.01,5,<class 'keras.optimizer_v2.adam.Adam'>,brick,None
100,0.41753748059272766,0.7779948115348816,0.4297216236591339,0.772382378578186,<function tanh at 0x7f0a1a5a0170>,16,0.2,None,100,<function sigmoid at 0x7f0a1a5a0320>,<function binary_crossentropy at 0x7f0a1a8324d0>,0.01,5,<class 'keras.optimizer_v2.adam.Adam'>,long_funnel,None
100,0.4186011254787445,0.78125,0.4126211702823639,0.7647951245307922,<function tanh at 0x7f0a1a5a0170>,16,0.2,None,100,<function sigmoid at 0x7f0a1a5a0320>,<function binary_crossentropy at 0x7f0a1a8324d0>,0.01,5,<class 'keras.optimizer_v2.rmsprop.RMSprop'>,brick,None
100,0.4326709508895874,0.7747395634651184,0.4261125922203064,0.7617602348327637,<function tanh at 0x7f0a1a5a0170>,16,0.2,None,100,<function sigmoid at 0x7f0a1a5a0320>,<function binary_crossentropy at 0x7f0a1a8324d0>,0.01,5,<class 'keras.optimizer_v2.rmsprop.RMSprop'>,long_funnel,None
100,0.4764997065067291,0.73046875,0.48996174335479736,0.6980273127555847,<function tanh at 0x7f0a1a5a0170>,16,0.2,None,100,<function sigmoid at 0x7f0a1a5a0320>,<function binary_crossentropy at 0x7f0a1a8324d0>,0.01,15,<class 'keras.optimizer_v2.gradient_descent.SGD'>,brick,None
100,0.4867735803127289,0.732421875,0.4926318824291229,0.6980273127555847,<function tanh at 0x7f0a1a5a0170>,16,0.2,None,100,<function sigmoid at 0x7f0a1a5a0320>,<function binary_crossentropy at 0x7f0a1a8324d0>,0.01,15,<class 'keras.optimizer_v2.gradient_descent.SGD'>,long_funnel,None
100,0.40466544032096863,0.7916666865348816,0.4124443233013153,0.7799696326255798,<function tanh at 0x7f0a1a5a0170>,16,0.2,None,100,<function sigmoid at 0x7f0a1a5a0320>,<function binary_crossentropy at 0x7f0a1a8324d0>,0.01,15,<class 'keras.optimizer_v2.adam.Adam'>,brick,None
100,0.4076598584651947,0.791015625,0.41842180490493774,0.7738998532295227,<function tanh at 0x7f0a1a5a0170>,16,0.2,None,100,<function sigmoid at 0x7f0a1a5a0320>,<function binary_crossentropy at 0x7f0a1a8324d0>,0.01,15,<class 'keras.optimizer_v2.adam.Adam'>,long_funnel,None
100,0.40908440947532654,0.798828125,0.41116777062416077,0.7936267256736755,<function tanh at 0x7f0a1a5a0170>,16,0.2,None,100,<function sigmoid at 0x7f0a1a5a0320>,<function binary_crossentropy at 0x7f0a1a8324d0>,0.01,15,<class 'keras.optimizer_v2.rmsprop.RMSprop'>,brick,None
100,0.4128476083278656,0.7884114384651184,0.41148898005485535,0.7754173278808594,<function tanh at 0x7f0a1a5a0170>,16,0.2,None,100,<function sigmoid at 0x7f0a1a5a0320>,<function binary_crossentropy at 0x7f0a1a8324d0>,0.01,15,<class 'keras.optimizer_v2.rmsprop.RMSprop'>,long_funnel,None
100,0.677250862121582,0.5852864384651184,0.6702709794044495,0.6084977388381958,<function tanh at 0x7f0a1a5a0170>,16,0.2,None,100,<function sigmoid at 0x7f0a1a5a0320>,<function binary_crossentropy at 0x7f0a1a8324d0>,0.001,5,<class 'keras.optimizer_v2.gradient_descent.SGD'>,brick,None
100,0.6779213547706604,0.5852864384651184,0.6708629727363586,0.6084977388381958,<function tanh at 0x7f0a1a5a0170>,16,0.2,None,100,<function sigmoid at 0x7f0a1a5a0320>,<function binary_crossentropy at 0x7f0a1a8324d0>,0.001,5,<class 'keras.optimizer_v2.gradient_descent.SGD'>,long_funnel,None
100,0.4367713928222656,0.7721354365348816,0.43622881174087524,0.7617602348327637,<function tanh at 0x7f0a1a5a0170>,16,0.2,None,100,<function sigmoid at 0x7f0a1a5a0320>,<function binary_crossentropy at 0x7f0a1a8324d0>,0.001,5,<class 'keras.optimizer_v2.adam.Adam'>,brick,None
100,0.45084989070892334,0.765625,0.4523669183254242,0.7587253451347351,<function tanh at 0x7f0a1a5a0170>,16,0.2,None,100,<function sigmoid at 0x7f0a1a5a0320>,<function binary_crossentropy at 0x7f0a1a8324d0>,0.001,5,<class 'keras.optimizer_v2.adam.Adam'>,long_funnel,None
100,0.4743901491165161,0.7434895634651184,0.4814016819000244,0.7056145668029785,<function tanh at 0x7f0a1a5a0170>,16,0.2,None,100,<function sigmoid at 0x7f0a1a5a0320>,<function binary_crossentropy at 0x7f0a1a8324d0>,0.001,5,<class 'keras.optimizer_v2.rmsprop.RMSprop'>,brick,None
100,0.45515701174736023,0.7649739384651184,0.4540327489376068,0.7663125991821289,<function tanh at 0x7f0a1a5a0170>,16,0.2,None,100,<function sigmoid at 0x7f0a1a5a0320>,<function binary_crossentropy at 0x7f0a1a8324d0>,0.001,5,<class 'keras.optimizer_v2.rmsprop.RMSprop'>,long_funnel,None
100,0.6779918670654297,0.5852864384651184,0.6710964441299438,0.6084977388381958,<function tanh at 0x7f0a1a5a0170>,16,0.2,None,100,<function sigmoid at 0x7f0a1a5a0320>,<function binary_crossentropy at 0x7f0a1a8324d0>,0.001,15,<class 'keras.optimizer_v2.gradient_descent.SGD'>,brick,None
100,0.6784050464630127,0.5852864384651184,0.6715132594108582,0.6084977388381958,<function tanh at 0x7f0a1a5a0170>,16,0.2,None,100,<function sigmoid at 0x7f0a1a5a0320>,<function binary_crossentropy at 0x7f0a1a8324d0>,0.001,15,<class 'keras.optimizer_v2.gradient_descent.SGD'>,long_funnel,None
100,0.43269050121307373,0.7701823115348816,0.4396034777164459,0.7693474888801575,<function tanh at 0x7f0a1a5a0170>,16,0.2,None,100,<function sigmoid at 0x7f0a1a5a0320>,<function binary_crossentropy at 0x7f0a1a8324d0>,0.001,15,<class 'keras.optimizer_v2.adam.Adam'>,brick,None
100,0.43536177277565,0.7779948115348816,0.432569295167923,0.7647951245307922,<function tanh at 0x7f0a1a5a0170>,16,0.2,None,100,<function sigmoid at 0x7f0a1a5a0320>,<function binary_crossentropy at 0x7f0a1a8324d0>,0.001,15,<class 'keras.optimizer_v2.adam.Adam'>,long_funnel,None
100,0.4400477707386017,0.779296875,0.4439166486263275,0.752655565738678,<function tanh at 0x7f0a1a5a0170>,16,0.2,None,100,<function sigmoid at 0x7f0a1a5a0320>,<function binary_crossentropy at 0x7f0a1a8324d0>,0.001,15,<class 'keras.optimizer_v2.rmsprop.RMSprop'>,brick,None
100,0.44351986050605774,0.7734375,0.4370955526828766,0.7465857267379761,<function tanh at 0x7f0a1a5a0170>,16,0.2,None,100,<function sigmoid at 0x7f0a1a5a0320>,<function binary_crossentropy at 0x7f0a1a8324d0>,0.001,15,<class 'keras.optimizer_v2.rmsprop.RMSprop'>,long_funnel,None
100,0.558813214302063,0.7057291865348816,0.5685158967971802,0.7010622024536133,<function tanh at 0x7f0a1a5a0170>,32,0.1,None,100,<function sigmoid at 0x7f0a1a5a0320>,<function binary_crossentropy at 0x7f0a1a8324d0>,0.01,5,<class 'keras.optimizer_v2.gradient_descent.SGD'>,brick,None
100,0.6619412302970886,0.5852864384651184,0.6554065346717834,0.6084977388381958,<function tanh at 0x7f0a1a5a0170>,32,0.1,None,100,<function sigmoid at 0x7f0a1a5a0320>,<function binary_crossentropy at 0x7f0a1a8324d0>,0.01,5,<class 'keras.optimizer_v2.gradient_descent.SGD'>,long_funnel,None
100,0.4099039137363434,0.7884114384651184,0.44745323061943054,0.7617602348327637,<function tanh at 0x7f0a1a5a0170>,32,0.1,None,100,<function sigmoid at 0x7f0a1a5a0320>,<function binary_crossentropy at 0x7f0a1a8324d0>,0.01,5,<class 'keras.optimizer_v2.adam.Adam'>,brick,None
100,0.4300316572189331,0.7890625,0.4401790499687195,0.7465857267379761,<function tanh at 0x7f0a1a5a0170>,32,0.1,None,100,<function sigmoid at 0x7f0a1a5a0320>,<function binary_crossentropy at 0x7f0a1a8324d0>,0.01,5,<class 'keras.optimizer_v2.adam.Adam'>,long_funnel,None
100,0.4234638512134552,0.78125,0.42045557498931885,0.7708649635314941,<function tanh at 0x7f0a1a5a0170>,32,0.1,None,100,<function sigmoid at 0x7f0a1a5a0320>,<function binary_crossentropy at 0x7f0a1a8324d0>,0.01,5,<class 'keras.optimizer_v2.rmsprop.RMSprop'>,brick,None
100,0.4179214537143707,0.7936198115348816,0.41369304060935974,0.7784522175788879,<function tanh at 0x7f0a1a5a0170>,32,0.1,None,100,<function sigmoid at 0x7f0a1a5a0320>,<function binary_crossentropy at 0x7f0a1a8324d0>,0.01,5,<class 'keras.optimizer_v2.rmsprop.RMSprop'>,long_funnel,None
100,0.518007218837738,0.7291666865348816,0.534611165523529,0.6843702793121338,<function tanh at 0x7f0a1a5a0170>,32,0.1,None,100,<function sigmoid at 0x7f0a1a5a0320>,<function binary_crossentropy at 0x7f0a1a8324d0>,0.01,15,<class 'keras.optimizer_v2.gradient_descent.SGD'>,brick,None
100,0.6511113047599792,0.5852864384651184,0.6447001099586487,0.6084977388381958,<function tanh at 0x7f0a1a5a0170>,32,0.1,None,100,<function sigmoid at 0x7f0a1a5a0320>,<function binary_crossentropy at 0x7f0a1a8324d0>,0.01,15,<class 'keras.optimizer_v2.gradient_descent.SGD'>,long_funnel,None
100,0.4083594083786011,0.7923176884651184,0.4081661105155945,0.7860394716262817,<function tanh at 0x7f0a1a5a0170>,32,0.1,None,100,<function sigmoid at 0x7f0a1a5a0320>,<function binary_crossentropy at 0x7f0a1a8324d0>,0.01,15,<class 'keras.optimizer_v2.adam.Adam'>,brick,None
100,0.4216936528682709,0.7747395634651184,0.4476739168167114,0.7556904554367065,<function tanh at 0x7f0a1a5a0170>,32,0.1,None,100,<function sigmoid at 0x7f0a1a5a0320>,<function binary_crossentropy at 0x7f0a1a8324d0>,0.01,15,<class 'keras.optimizer_v2.adam.Adam'>,long_funnel,None
100,0.423208624124527,0.7890625,0.43317511677742004,0.7572078704833984,<function tanh at 0x7f0a1a5a0170>,32,0.1,None,100,<function sigmoid at 0x7f0a1a5a0320>,<function binary_crossentropy at 0x7f0a1a8324d0>,0.01,15,<class 'keras.optimizer_v2.rmsprop.RMSprop'>,brick,None
100,0.4218079745769501,0.7845051884651184,0.44626349210739136,0.752655565738678,<function tanh at 0x7f0a1a5a0170>,32,0.1,None,100,<function sigmoid at 0x7f0a1a5a0320>,<function binary_crossentropy at 0x7f0a1a8324d0>,0.01,15,<class 'keras.optimizer_v2.rmsprop.RMSprop'>,long_funnel,None
100,0.6796572208404541,0.5852864384651184,0.6741459965705872,0.6084977388381958,<function tanh at 0x7f0a1a5a0170>,32,0.1,None,100,<function sigmoid at 0x7f0a1a5a0320>,<function binary_crossentropy at 0x7f0a1a8324d0>,0.001,5,<class 'keras.optimizer_v2.gradient_descent.SGD'>,brick,None
100,0.6799162030220032,0.5852864384651184,0.6742664575576782,0.6084977388381958,<function tanh at 0x7f0a1a5a0170>,32,0.1,None,100,<function sigmoid at 0x7f0a1a5a0320>,<function binary_crossentropy at 0x7f0a1a8324d0>,0.001,5,<class 'keras.optimizer_v2.gradient_descent.SGD'>,long_funnel,None
100,0.4508035480976105,0.7662760615348816,0.4513894021511078,0.7602428197860718,<function tanh at 0x7f0a1a5a0170>,32,0.1,None,100,<function sigmoid at 0x7f0a1a5a0320>,<function binary_crossentropy at 0x7f0a1a8324d0>,0.001,5,<class 'keras.optimizer_v2.adam.Adam'>,brick,None
100,0.45586004853248596,0.751953125,0.4680542051792145,0.7207890748977661,<function tanh at 0x7f0a1a5a0170>,32,0.1,None,100,<function sigmoid at 0x7f0a1a5a0320>,<function binary_crossentropy at 0x7f0a1a8324d0>,0.001,5,<class 'keras.optimizer_v2.adam.Adam'>,long_funnel,None
100,0.46096304059028625,0.7486979365348816,0.4694475829601288,0.7481032013893127,<function tanh at 0x7f0a1a5a0170>,32,0.1,None,100,<function sigmoid at 0x7f0a1a5a0320>,<function binary_crossentropy at 0x7f0a1a8324d0>,0.001,5,<class 'keras.optimizer_v2.rmsprop.RMSprop'>,brick,None
100,0.4532865583896637,0.771484375,0.45032748579978943,0.7708649635314941,<function tanh at 0x7f0a1a5a0170>,32,0.1,None,100,<function sigmoid at 0x7f0a1a5a0320>,<function binary_crossentropy at 0x7f0a1a8324d0>,0.001,5,<class 'keras.optimizer_v2.rmsprop.RMSprop'>,long_funnel,None
100,0.6789259910583496,0.5852864384651184,0.6734546422958374,0.6084977388381958,<function tanh at 0x7f0a1a5a0170>,32,0.1,None,100,<function sigmoid at 0x7f0a1a5a0320>,<function binary_crossentropy at 0x7f0a1a8324d0>,0.001,15,<class 'keras.optimizer_v2.gradient_descent.SGD'>,brick,None
100,0.6809012293815613,0.5852864384651184,0.6747933626174927,0.6084977388381958,<function tanh at 0x7f0a1a5a0170>,32,0.1,None,100,<function sigmoid at 0x7f0a1a5a0320>,<function binary_crossentropy at 0x7f0a1a8324d0>,0.001,15,<class 'keras.optimizer_v2.gradient_descent.SGD'>,long_funnel,None
100,0.4466555118560791,0.767578125,0.4596386253833771,0.7374810576438904,<function tanh at 0x7f0a1a5a0170>,32,0.1,None,100,<function sigmoid at 0x7f0a1a5a0320>,<function binary_crossentropy at 0x7f0a1a8324d0>,0.001,15,<class 'keras.optimizer_v2.adam.Adam'>,brick,None
100,0.4617454707622528,0.7526041865348816,0.4837600588798523,0.7465857267379761,<function tanh at 0x7f0a1a5a0170>,32,0.1,None,100,<function sigmoid at 0x7f0a1a5a0320>,<function binary_crossentropy at 0x7f0a1a8324d0>,0.001,15,<class 'keras.optimizer_v2.adam.Adam'>,long_funnel,None
100,0.4549207389354706,0.7604166865348816,0.4465416669845581,0.7541729807853699,<function tanh at 0x7f0a1a5a0170>,32,0.1,None,100,<function sigmoid at 0x7f0a1a5a0320>,<function binary_crossentropy at 0x7f0a1a8324d0>,0.001,15,<class 'keras.optimizer_v2.rmsprop.RMSprop'>,brick,None
100,0.4500919282436371,0.7701823115348816,0.4501670300960541,0.7541729807853699,<function tanh at 0x7f0a1a5a0170>,32,0.1,None,100,<function sigmoid at 0x7f0a1a5a0320>,<function binary_crossentropy at 0x7f0a1a8324d0>,0.001,15,<class 'keras.optimizer_v2.rmsprop.RMSprop'>,long_funnel,None
100,0.5194171071052551,0.7044270634651184,0.519761323928833,0.6980273127555847,<function tanh at 0x7f0a1a5a0170>,32,0.2,None,100,<function sigmoid at 0x7f0a1a5a0320>,<function binary_crossentropy at 0x7f0a1a8324d0>,0.01,5,<class 'keras.optimizer_v2.gradient_descent.SGD'>,brick,None
100,0.5671951174736023,0.7122395634651184,0.5673397183418274,0.6995447874069214,<function tanh at 0x7f0a1a5a0170>,32,0.2,None,100,<function sigmoid at 0x7f0a1a5a0320>,<function binary_crossentropy at 0x7f0a1a8324d0>,0.01,5,<class 'keras.optimizer_v2.gradient_descent.SGD'>,long_funnel,None
100,0.4184228181838989,0.7916666865348816,0.4145430624485016,0.7754173278808594,<function tanh at 0x7f0a1a5a0170>,32,0.2,None,100,<function sigmoid at 0x7f0a1a5a0320>,<function binary_crossentropy at 0x7f0a1a8324d0>,0.01,5,<class 'keras.optimizer_v2.adam.Adam'>,brick,None
100,0.4510611295700073,0.7467448115348816,0.4651050567626953,0.734446108341217,<function tanh at 0x7f0a1a5a0170>,32,0.2,None,100,<function sigmoid at 0x7f0a1a5a0320>,<function binary_crossentropy at 0x7f0a1a8324d0>,0.01,5,<class 'keras.optimizer_v2.adam.Adam'>,long_funnel,None
100,0.47110268473625183,0.7513020634651184,0.4553787112236023,0.7283763289451599,<function tanh at 0x7f0a1a5a0170>,32,0.2,None,100,<function sigmoid at 0x7f0a1a5a0320>,<function binary_crossentropy at 0x7f0a1a8324d0>,0.01,5,<class 'keras.optimizer_v2.rmsprop.RMSprop'>,brick,None
100,0.42146942019462585,0.79296875,0.4484960436820984,0.7738998532295227,<function tanh at 0x7f0a1a5a0170>,32,0.2,None,100,<function sigmoid at 0x7f0a1a5a0320>,<function binary_crossentropy at 0x7f0a1a8324d0>,0.01,5,<class 'keras.optimizer_v2.rmsprop.RMSprop'>,long_funnel,None
100,0.5149248242378235,0.724609375,0.5398101806640625,0.7040970921516418,<function tanh at 0x7f0a1a5a0170>,32,0.2,None,100,<function sigmoid at 0x7f0a1a5a0320>,<function binary_crossentropy at 0x7f0a1a8324d0>,0.01,15,<class 'keras.optimizer_v2.gradient_descent.SGD'>,brick,None
100,0.5130862593650818,0.728515625,0.5245922207832336,0.7040970921516418,<function tanh at 0x7f0a1a5a0170>,32,0.2,None,100,<function sigmoid at 0x7f0a1a5a0320>,<function binary_crossentropy at 0x7f0a1a8324d0>,0.01,15,<class 'keras.optimizer_v2.gradient_descent.SGD'>,long_funnel,None
100,0.41651320457458496,0.7805989384651184,0.47533953189849854,0.7481032013893127,<function tanh at 0x7f0a1a5a0170>,32,0.2,None,100,<function sigmoid at 0x7f0a1a5a0320>,<function binary_crossentropy at 0x7f0a1a8324d0>,0.01,15,<class 'keras.optimizer_v2.adam.Adam'>,brick,None
100,0.40639039874076843,0.8040364384651184,0.4221583306789398,0.772382378578186,<function tanh at 0x7f0a1a5a0170>,32,0.2,None,100,<function sigmoid at 0x7f0a1a5a0320>,<function binary_crossentropy at 0x7f0a1a8324d0>,0.01,15,<class 'keras.optimizer_v2.adam.Adam'>,long_funnel,None
100,0.44056013226509094,0.7786458134651184,0.43008413910865784,0.7587253451347351,<function tanh at 0x7f0a1a5a0170>,32,0.2,None,100,<function sigmoid at 0x7f0a1a5a0320>,<function binary_crossentropy at 0x7f0a1a8324d0>,0.01,15,<class 'keras.optimizer_v2.rmsprop.RMSprop'>,brick,None
100,0.4284520447254181,0.78515625,0.42700639367103577,0.7784522175788879,<function tanh at 0x7f0a1a5a0170>,32,0.2,None,100,<function sigmoid at 0x7f0a1a5a0320>,<function binary_crossentropy at 0x7f0a1a8324d0>,0.01,15,<class 'keras.optimizer_v2.rmsprop.RMSprop'>,long_funnel,None
100,0.6809086799621582,0.5852864384651184,0.6750234365463257,0.6084977388381958,<function tanh at 0x7f0a1a5a0170>,32,0.2,None,100,<function sigmoid at 0x7f0a1a5a0320>,<function binary_crossentropy at 0x7f0a1a8324d0>,0.001,5,<class 'keras.optimizer_v2.gradient_descent.SGD'>,brick,None
100,0.6802122592926025,0.5852864384651184,0.6745413541793823,0.6084977388381958,<function tanh at 0x7f0a1a5a0170>,32,0.2,None,100,<function sigmoid at 0x7f0a1a5a0320>,<function binary_crossentropy at 0x7f0a1a8324d0>,0.001,5,<class 'keras.optimizer_v2.gradient_descent.SGD'>,long_funnel,None
100,0.45965132117271423,0.748046875,0.48230141401290894,0.7238239645957947,<function tanh at 0x7f0a1a5a0170>,32,0.2,None,100,<function sigmoid at 0x7f0a1a5a0320>,<function binary_crossentropy at 0x7f0a1a8324d0>,0.001,5,<class 'keras.optimizer_v2.adam.Adam'>,brick,None
100,0.4698353707790375,0.7330729365348816,0.4824986457824707,0.7056145668029785,<function tanh at 0x7f0a1a5a0170>,32,0.2,None,100,<function sigmoid at 0x7f0a1a5a0320>,<function binary_crossentropy at 0x7f0a1a8324d0>,0.001,5,<class 'keras.optimizer_v2.adam.Adam'>,long_funnel,None
100,0.4761441648006439,0.7376301884651184,0.49162665009498596,0.7116843461990356,<function tanh at 0x7f0a1a5a0170>,32,0.2,None,100,<function sigmoid at 0x7f0a1a5a0320>,<function binary_crossentropy at 0x7f0a1a8324d0>,0.001,5,<class 'keras.optimizer_v2.rmsprop.RMSprop'>,brick,None
100,0.4767282009124756,0.7356770634651184,0.5011126399040222,0.7086494565010071,<function tanh at 0x7f0a1a5a0170>,32,0.2,None,100,<function sigmoid at 0x7f0a1a5a0320>,<function binary_crossentropy at 0x7f0a1a8324d0>,0.001,5,<class 'keras.optimizer_v2.rmsprop.RMSprop'>,long_funnel,None
100,0.6782153248786926,0.5852864384651184,0.6728338003158569,0.6084977388381958,<function tanh at 0x7f0a1a5a0170>,32,0.2,None,100,<function sigmoid at 0x7f0a1a5a0320>,<function binary_crossentropy at 0x7f0a1a8324d0>,0.001,15,<class 'keras.optimizer_v2.gradient_descent.SGD'>,brick,None
100,0.6796237826347351,0.5852864384651184,0.6740636229515076,0.6084977388381958,<function tanh at 0x7f0a1a5a0170>,32,0.2,None,100,<function sigmoid at 0x7f0a1a5a0320>,<function binary_crossentropy at 0x7f0a1a8324d0>,0.001,15,<class 'keras.optimizer_v2.gradient_descent.SGD'>,long_funnel,None
100,0.446752667427063,0.767578125,0.47982972860336304,0.7374810576438904,<function tanh at 0x7f0a1a5a0170>,32,0.2,None,100,<function sigmoid at 0x7f0a1a5a0320>,<function binary_crossentropy at 0x7f0a1a8324d0>,0.001,15,<class 'keras.optimizer_v2.adam.Adam'>,brick,None
100,0.4566875994205475,0.7421875,0.4758377969264984,0.7268588542938232,<function tanh at 0x7f0a1a5a0170>,32,0.2,None,100,<function sigmoid at 0x7f0a1a5a0320>,<function binary_crossentropy at 0x7f0a1a8324d0>,0.001,15,<class 'keras.optimizer_v2.adam.Adam'>,long_funnel,None
100,0.4512968361377716,0.7708333134651184,0.45666638016700745,0.7617602348327637,<function tanh at 0x7f0a1a5a0170>,32,0.2,None,100,<function sigmoid at 0x7f0a1a5a0320>,<function binary_crossentropy at 0x7f0a1a8324d0>,0.001,15,<class 'keras.optimizer_v2.rmsprop.RMSprop'>,brick,None
100,0.45280370116233826,0.7701823115348816,0.45157161355018616,0.7541729807853699,<function tanh at 0x7f0a1a5a0170>,32,0.2,None,100,<function sigmoid at 0x7f0a1a5a0320>,<function binary_crossentropy at 0x7f0a1a8324d0>,0.001,15,<class 'keras.optimizer_v2.rmsprop.RMSprop'>,long_funnel,None
100,0.5201942324638367,0.7135416865348816,0.525266170501709,0.7071320414543152,<function relu at 0x7f0a1a59cdd0>,16,0.1,None,100,<function sigmoid at 0x7f0a1a5a0320>,<function binary_crossentropy at 0x7f0a1a8324d0>,0.01,5,<class 'keras.optimizer_v2.gradient_descent.SGD'>,brick,None
100,0.6731018424034119,0.5852864384651184,0.6656948924064636,0.6084977388381958,<function relu at 0x7f0a1a59cdd0>,16,0.1,None,100,<function sigmoid at 0x7f0a1a5a0320>,<function binary_crossentropy at 0x7f0a1a8324d0>,0.01,5,<class 'keras.optimizer_v2.gradient_descent.SGD'>,long_funnel,None
100,0.4550207853317261,0.7447916865348816,0.44911372661590576,0.7238239645957947,<function relu at 0x7f0a1a59cdd0>,16,0.1,None,100,<function sigmoid at 0x7f0a1a5a0320>,<function binary_crossentropy at 0x7f0a1a8324d0>,0.01,5,<class 'keras.optimizer_v2.adam.Adam'>,brick,None
100,0.4476366341114044,0.74609375,0.44602513313293457,0.7298938035964966,<function relu at 0x7f0a1a59cdd0>,16,0.1,None,100,<function sigmoid at 0x7f0a1a5a0320>,<function binary_crossentropy at 0x7f0a1a8324d0>,0.01,5,<class 'keras.optimizer_v2.adam.Adam'>,long_funnel,None
100,0.45010504126548767,0.7649739384651184,0.4412568509578705,0.7678300738334656,<function relu at 0x7f0a1a59cdd0>,16,0.1,None,100,<function sigmoid at 0x7f0a1a5a0320>,<function binary_crossentropy at 0x7f0a1a8324d0>,0.01,5,<class 'keras.optimizer_v2.rmsprop.RMSprop'>,brick,None
100,0.4399161636829376,0.7708333134651184,0.43248727917671204,0.7556904554367065,<function relu at 0x7f0a1a59cdd0>,16,0.1,None,100,<function sigmoid at 0x7f0a1a5a0320>,<function binary_crossentropy at 0x7f0a1a8324d0>,0.01,5,<class 'keras.optimizer_v2.rmsprop.RMSprop'>,long_funnel,None
100,0.4822573959827423,0.7330729365348816,0.4797241985797882,0.696509838104248,<function relu at 0x7f0a1a59cdd0>,16,0.1,None,100,<function sigmoid at 0x7f0a1a5a0320>,<function binary_crossentropy at 0x7f0a1a8324d0>,0.01,15,<class 'keras.optimizer_v2.gradient_descent.SGD'>,brick,None
100,0.4951974153518677,0.720703125,0.4889313876628876,0.7086494565010071,<function relu at 0x7f0a1a59cdd0>,16,0.1,None,100,<function sigmoid at 0x7f0a1a5a0320>,<function binary_crossentropy at 0x7f0a1a8324d0>,0.01,15,<class 'keras.optimizer_v2.gradient_descent.SGD'>,long_funnel,None
100,0.4795565605163574,0.736328125,0.5090392231941223,0.7086494565010071,<function relu at 0x7f0a1a59cdd0>,16,0.1,None,100,<function sigmoid at 0x7f0a1a5a0320>,<function binary_crossentropy at 0x7f0a1a8324d0>,0.01,15,<class 'keras.optimizer_v2.adam.Adam'>,brick,None
100,0.535214364528656,0.7252604365348816,0.4988499581813812,0.7298938035964966,<function relu at 0x7f0a1a59cdd0>,16,0.1,None,100,<function sigmoid at 0x7f0a1a5a0320>,<function binary_crossentropy at 0x7f0a1a8324d0>,0.01,15,<class 'keras.optimizer_v2.adam.Adam'>,long_funnel,None
100,0.4345497190952301,0.775390625,0.4242400527000427,0.7602428197860718,<function relu at 0x7f0a1a59cdd0>,16,0.1,None,100,<function sigmoid at 0x7f0a1a5a0320>,<function binary_crossentropy at 0x7f0a1a8324d0>,0.01,15,<class 'keras.optimizer_v2.rmsprop.RMSprop'>,brick,None
100,0.43351539969444275,0.7766926884651184,0.43162354826927185,0.7678300738334656,<function relu at 0x7f0a1a59cdd0>,16,0.1,None,100,<function sigmoid at 0x7f0a1a5a0320>,<function binary_crossentropy at 0x7f0a1a8324d0>,0.01,15,<class 'keras.optimizer_v2.rmsprop.RMSprop'>,long_funnel,None
100,0.6786530613899231,0.5852864384651184,0.6714071035385132,0.6084977388381958,<function relu at 0x7f0a1a59cdd0>,16,0.1,None,100,<function sigmoid at 0x7f0a1a5a0320>,<function binary_crossentropy at 0x7f0a1a8324d0>,0.001,5,<class 'keras.optimizer_v2.gradient_descent.SGD'>,brick,None
100,0.6755180358886719,0.5852864384651184,0.6690284013748169,0.6084977388381958,<function relu at 0x7f0a1a59cdd0>,16,0.1,None,100,<function sigmoid at 0x7f0a1a5a0320>,<function binary_crossentropy at 0x7f0a1a8324d0>,0.001,5,<class 'keras.optimizer_v2.gradient_descent.SGD'>,long_funnel,None
100,0.49789050221443176,0.736328125,0.47785529494285583,0.7556904554367065,<function relu at 0x7f0a1a59cdd0>,16,0.1,None,100,<function sigmoid at 0x7f0a1a5a0320>,<function binary_crossentropy at 0x7f0a1a8324d0>,0.001,5,<class 'keras.optimizer_v2.adam.Adam'>,brick,None
100,0.4771937131881714,0.728515625,0.4937824606895447,0.7086494565010071,<function relu at 0x7f0a1a59cdd0>,16,0.1,None,100,<function sigmoid at 0x7f0a1a5a0320>,<function binary_crossentropy at 0x7f0a1a8324d0>,0.001,5,<class 'keras.optimizer_v2.adam.Adam'>,long_funnel,None
100,0.5523250699043274,0.7057291865348816,0.5271026492118835,0.7177541851997375,<function relu at 0x7f0a1a59cdd0>,16,0.1,None,100,<function sigmoid at 0x7f0a1a5a0320>,<function binary_crossentropy at 0x7f0a1a8324d0>,0.001,5,<class 'keras.optimizer_v2.rmsprop.RMSprop'>,brick,None
100,0.49258771538734436,0.740234375,0.47522515058517456,0.734446108341217,<function relu at 0x7f0a1a59cdd0>,16,0.1,None,100,<function sigmoid at 0x7f0a1a5a0320>,<function binary_crossentropy at 0x7f0a1a8324d0>,0.001,5,<class 'keras.optimizer_v2.rmsprop.RMSprop'>,long_funnel,None
100,0.6780762672424316,0.5852864384651184,0.6712102890014648,0.6084977388381958,<function relu at 0x7f0a1a59cdd0>,16,0.1,None,100,<function sigmoid at 0x7f0a1a5a0320>,<function binary_crossentropy at 0x7f0a1a8324d0>,0.001,15,<class 'keras.optimizer_v2.gradient_descent.SGD'>,brick,None
100,0.6783021092414856,0.5852864384651184,0.6712712645530701,0.6084977388381958,<function relu at 0x7f0a1a59cdd0>,16,0.1,None,100,<function sigmoid at 0x7f0a1a5a0320>,<function binary_crossentropy at 0x7f0a1a8324d0>,0.001,15,<class 'keras.optimizer_v2.gradient_descent.SGD'>,long_funnel,None
100,0.47530362010002136,0.736328125,0.4759729504585266,0.7116843461990356,<function relu at 0x7f0a1a59cdd0>,16,0.1,None,100,<function sigmoid at 0x7f0a1a5a0320>,<function binary_crossentropy at 0x7f0a1a8324d0>,0.001,15,<class 'keras.optimizer_v2.adam.Adam'>,brick,None
100,0.46339118480682373,0.7408854365348816,0.46761417388916016,0.714719295501709,<function relu at 0x7f0a1a59cdd0>,16,0.1,None,100,<function sigmoid at 0x7f0a1a5a0320>,<function binary_crossentropy at 0x7f0a1a8324d0>,0.001,15,<class 'keras.optimizer_v2.adam.Adam'>,long_funnel,None
100,0.4621288776397705,0.7421875,0.5166030526161194,0.7177541851997375,<function relu at 0x7f0a1a59cdd0>,16,0.1,None,100,<function sigmoid at 0x7f0a1a5a0320>,<function binary_crossentropy at 0x7f0a1a8324d0>,0.001,15,<class 'keras.optimizer_v2.rmsprop.RMSprop'>,brick,None
100,0.4705841541290283,0.7421875,0.4663660526275635,0.7207890748977661,<function relu at 0x7f0a1a59cdd0>,16,0.1,None,100,<function sigmoid at 0x7f0a1a5a0320>,<function binary_crossentropy at 0x7f0a1a8324d0>,0.001,15,<class 'keras.optimizer_v2.rmsprop.RMSprop'>,long_funnel,None
100,0.6765017509460449,0.5852864384651184,0.6685239672660828,0.6084977388381958,<function relu at 0x7f0a1a59cdd0>,16,0.2,None,100,<function sigmoid at 0x7f0a1a5a0320>,<function binary_crossentropy at 0x7f0a1a8324d0>,0.01,5,<class 'keras.optimizer_v2.gradient_descent.SGD'>,brick,None
100,0.5433806777000427,0.7076823115348816,0.54110187292099,0.7268588542938232,<function relu at 0x7f0a1a59cdd0>,16,0.2,None,100,<function sigmoid at 0x7f0a1a5a0320>,<function binary_crossentropy at 0x7f0a1a8324d0>,0.01,5,<class 'keras.optimizer_v2.gradient_descent.SGD'>,long_funnel,None
100,0.5072471499443054,0.7389323115348816,0.46265658736228943,0.7754173278808594,<function relu at 0x7f0a1a59cdd0>,16,0.2,None,100,<function sigmoid at 0x7f0a1a5a0320>,<function binary_crossentropy at 0x7f0a1a8324d0>,0.01,5,<class 'keras.optimizer_v2.adam.Adam'>,brick,None
100,0.46501943469047546,0.7428385615348816,0.45909541845321655,0.7298938035964966,<function relu at 0x7f0a1a59cdd0>,16,0.2,None,100,<function sigmoid at 0x7f0a1a5a0320>,<function binary_crossentropy at 0x7f0a1a8324d0>,0.01,5,<class 'keras.optimizer_v2.adam.Adam'>,long_funnel,None
100,0.4601556062698364,0.763671875,0.4889008700847626,0.7268588542938232,<function relu at 0x7f0a1a59cdd0>,16,0.2,None,100,<function sigmoid at 0x7f0a1a5a0320>,<function binary_crossentropy at 0x7f0a1a8324d0>,0.01,5,<class 'keras.optimizer_v2.rmsprop.RMSprop'>,brick,None
100,0.49566909670829773,0.71875,0.4645560681819916,0.7283763289451599,<function relu at 0x7f0a1a59cdd0>,16,0.2,None,100,<function sigmoid at 0x7f0a1a5a0320>,<function binary_crossentropy at 0x7f0a1a8324d0>,0.01,5,<class 'keras.optimizer_v2.rmsprop.RMSprop'>,long_funnel,None
100,0.519516110420227,0.7259114384651184,0.5120776891708374,0.6995447874069214,<function relu at 0x7f0a1a59cdd0>,16,0.2,None,100,<function sigmoid at 0x7f0a1a5a0320>,<function binary_crossentropy at 0x7f0a1a8324d0>,0.01,15,<class 'keras.optimizer_v2.gradient_descent.SGD'>,brick,None
100,0.5310750603675842,0.71875,0.5173029899597168,0.7071320414543152,<function relu at 0x7f0a1a59cdd0>,16,0.2,None,100,<function sigmoid at 0x7f0a1a5a0320>,<function binary_crossentropy at 0x7f0a1a8324d0>,0.01,15,<class 'keras.optimizer_v2.gradient_descent.SGD'>,long_funnel,None
100,0.5637779235839844,0.6927083134651184,0.5219823122024536,0.7116843461990356,<function relu at 0x7f0a1a59cdd0>,16,0.2,None,100,<function sigmoid at 0x7f0a1a5a0320>,<function binary_crossentropy at 0x7f0a1a8324d0>,0.01,15,<class 'keras.optimizer_v2.adam.Adam'>,brick,None
100,0.5848386883735657,0.6979166865348816,0.546180009841919,0.7116843461990356,<function relu at 0x7f0a1a59cdd0>,16,0.2,None,100,<function sigmoid at 0x7f0a1a5a0320>,<function binary_crossentropy at 0x7f0a1a8324d0>,0.01,15,<class 'keras.optimizer_v2.adam.Adam'>,long_funnel,None
100,0.46295973658561707,0.7591145634651184,0.4850683808326721,0.7207890748977661,<function relu at 0x7f0a1a59cdd0>,16,0.2,None,100,<function sigmoid at 0x7f0a1a5a0320>,<function binary_crossentropy at 0x7f0a1a8324d0>,0.01,15,<class 'keras.optimizer_v2.rmsprop.RMSprop'>,brick,None
100,0.42879483103752136,0.7923176884651184,0.4302312731742859,0.7602428197860718,<function relu at 0x7f0a1a59cdd0>,16,0.2,None,100,<function sigmoid at 0x7f0a1a5a0320>,<function binary_crossentropy at 0x7f0a1a8324d0>,0.01,15,<class 'keras.optimizer_v2.rmsprop.RMSprop'>,long_funnel,None
100,0.6784175038337708,0.5852864384651184,0.6712985634803772,0.6084977388381958,<function relu at 0x7f0a1a59cdd0>,16,0.2,None,100,<function sigmoid at 0x7f0a1a5a0320>,<function binary_crossentropy at 0x7f0a1a8324d0>,0.001,5,<class 'keras.optimizer_v2.gradient_descent.SGD'>,brick,None
100,0.6787324547767639,0.5852864384651184,0.6715959906578064,0.6084977388381958,<function relu at 0x7f0a1a59cdd0>,16,0.2,None,100,<function sigmoid at 0x7f0a1a5a0320>,<function binary_crossentropy at 0x7f0a1a8324d0>,0.001,5,<class 'keras.optimizer_v2.gradient_descent.SGD'>,long_funnel,None
100,0.484684020280838,0.7376301884651184,0.4799118936061859,0.70257967710495,<function relu at 0x7f0a1a59cdd0>,16,0.2,None,100,<function sigmoid at 0x7f0a1a5a0320>,<function binary_crossentropy at 0x7f0a1a8324d0>,0.001,5,<class 'keras.optimizer_v2.adam.Adam'>,brick,None
100,0.476264625787735,0.7291666865348816,0.4936181604862213,0.7162367105484009,<function relu at 0x7f0a1a59cdd0>,16,0.2,None,100,<function sigmoid at 0x7f0a1a5a0320>,<function binary_crossentropy at 0x7f0a1a8324d0>,0.001,5,<class 'keras.optimizer_v2.adam.Adam'>,long_funnel,None
100,0.48158690333366394,0.7311198115348816,0.49016138911247253,0.714719295501709,<function relu at 0x7f0a1a59cdd0>,16,0.2,None,100,<function sigmoid at 0x7f0a1a5a0320>,<function binary_crossentropy at 0x7f0a1a8324d0>,0.001,5,<class 'keras.optimizer_v2.rmsprop.RMSprop'>,brick,None
100,0.4815291464328766,0.71875,0.47773727774620056,0.6934749484062195,<function relu at 0x7f0a1a59cdd0>,16,0.2,None,100,<function sigmoid at 0x7f0a1a5a0320>,<function binary_crossentropy at 0x7f0a1a8324d0>,0.001,5,<class 'keras.optimizer_v2.rmsprop.RMSprop'>,long_funnel,None
100,0.678202211856842,0.5852864384651184,0.6710846424102783,0.6084977388381958,<function relu at 0x7f0a1a59cdd0>,16,0.2,None,100,<function sigmoid at 0x7f0a1a5a0320>,<function binary_crossentropy at 0x7f0a1a8324d0>,0.001,15,<class 'keras.optimizer_v2.gradient_descent.SGD'>,brick,None
100,0.6763957142829895,0.5852864384651184,0.6688107848167419,0.6084977388381958,<function relu at 0x7f0a1a59cdd0>,16,0.2,None,100,<function sigmoid at 0x7f0a1a5a0320>,<function binary_crossentropy at 0x7f0a1a8324d0>,0.001,15,<class 'keras.optimizer_v2.gradient_descent.SGD'>,long_funnel,None
100,0.46967828273773193,0.736328125,0.4782029390335083,0.714719295501709,<function relu at 0x7f0a1a59cdd0>,16,0.2,None,100,<function sigmoid at 0x7f0a1a5a0320>,<function binary_crossentropy at 0x7f0a1a8324d0>,0.001,15,<class 'keras.optimizer_v2.adam.Adam'>,brick,None
100,0.46646901965141296,0.7447916865348816,0.4998311698436737,0.7177541851997375,<function relu at 0x7f0a1a59cdd0>,16,0.2,None,100,<function sigmoid at 0x7f0a1a5a0320>,<function binary_crossentropy at 0x7f0a1a8324d0>,0.001,15,<class 'keras.optimizer_v2.adam.Adam'>,long_funnel,None
100,0.47677209973335266,0.7330729365348816,0.47800353169441223,0.714719295501709,<function relu at 0x7f0a1a59cdd0>,16,0.2,None,100,<function sigmoid at 0x7f0a1a5a0320>,<function binary_crossentropy at 0x7f0a1a8324d0>,0.001,15,<class 'keras.optimizer_v2.rmsprop.RMSprop'>,brick,None
100,0.471029669046402,0.7408854365348816,0.4698549807071686,0.7329286932945251,<function relu at 0x7f0a1a59cdd0>,16,0.2,None,100,<function sigmoid at 0x7f0a1a5a0320>,<function binary_crossentropy at 0x7f0a1a8324d0>,0.001,15,<class 'keras.optimizer_v2.rmsprop.RMSprop'>,long_funnel,None
100,0.5372296571731567,0.7096354365348816,0.5292826890945435,0.6949924230575562,<function relu at 0x7f0a1a59cdd0>,32,0.1,None,100,<function sigmoid at 0x7f0a1a5a0320>,<function binary_crossentropy at 0x7f0a1a8324d0>,0.01,5,<class 'keras.optimizer_v2.gradient_descent.SGD'>,brick,None
100,0.6764443516731262,0.5852864384651184,0.6689186692237854,0.6084977388381958,<function relu at 0x7f0a1a59cdd0>,32,0.1,None,100,<function sigmoid at 0x7f0a1a5a0320>,<function binary_crossentropy at 0x7f0a1a8324d0>,0.01,5,<class 'keras.optimizer_v2.gradient_descent.SGD'>,long_funnel,None
100,0.4543696939945221,0.744140625,0.48091378808021545,0.7238239645957947,<function relu at 0x7f0a1a59cdd0>,32,0.1,None,100,<function sigmoid at 0x7f0a1a5a0320>,<function binary_crossentropy at 0x7f0a1a8324d0>,0.01,5,<class 'keras.optimizer_v2.adam.Adam'>,brick,None
100,0.459956556558609,0.7513020634651184,0.45915377140045166,0.7238239645957947,<function relu at 0x7f0a1a59cdd0>,32,0.1,None,100,<function sigmoid at 0x7f0a1a5a0320>,<function binary_crossentropy at 0x7f0a1a8324d0>,0.01,5,<class 'keras.optimizer_v2.adam.Adam'>,long_funnel,None
100,0.6788820624351501,0.5852864384651184,0.6708042025566101,0.6084977388381958,<function relu at 0x7f0a1a59cdd0>,32,0.1,None,100,<function sigmoid at 0x7f0a1a5a0320>,<function binary_crossentropy at 0x7f0a1a8324d0>,0.01,5,<class 'keras.optimizer_v2.rmsprop.RMSprop'>,brick,None
100,0.678917646408081,0.5852864384651184,0.6702998280525208,0.6084977388381958,<function relu at 0x7f0a1a59cdd0>,32,0.1,None,100,<function sigmoid at 0x7f0a1a5a0320>,<function binary_crossentropy at 0x7f0a1a8324d0>,0.01,5,<class 'keras.optimizer_v2.rmsprop.RMSprop'>,long_funnel,None
100,0.5485783815383911,0.703125,0.5554088950157166,0.696509838104248,<function relu at 0x7f0a1a59cdd0>,32,0.1,None,100,<function sigmoid at 0x7f0a1a5a0320>,<function binary_crossentropy at 0x7f0a1a8324d0>,0.01,15,<class 'keras.optimizer_v2.gradient_descent.SGD'>,brick,None
100,0.5866496562957764,0.724609375,0.5767435431480408,0.714719295501709,<function relu at 0x7f0a1a59cdd0>,32,0.1,None,100,<function sigmoid at 0x7f0a1a5a0320>,<function binary_crossentropy at 0x7f0a1a8324d0>,0.01,15,<class 'keras.optimizer_v2.gradient_descent.SGD'>,long_funnel,None
100,0.4717399775981903,0.7415364384651184,0.44012758135795593,0.7481032013893127,<function relu at 0x7f0a1a59cdd0>,32,0.1,None,100,<function sigmoid at 0x7f0a1a5a0320>,<function binary_crossentropy at 0x7f0a1a8324d0>,0.01,15,<class 'keras.optimizer_v2.adam.Adam'>,brick,None
100,0.4562189280986786,0.759765625,0.4383324980735779,0.7632777094841003,<function relu at 0x7f0a1a59cdd0>,32,0.1,None,100,<function sigmoid at 0x7f0a1a5a0320>,<function binary_crossentropy at 0x7f0a1a8324d0>,0.01,15,<class 'keras.optimizer_v2.adam.Adam'>,long_funnel,None
100,0.4422157108783722,0.78125,0.521454393863678,0.7541729807853699,<function relu at 0x7f0a1a59cdd0>,32,0.1,None,100,<function sigmoid at 0x7f0a1a5a0320>,<function binary_crossentropy at 0x7f0a1a8324d0>,0.01,15,<class 'keras.optimizer_v2.rmsprop.RMSprop'>,brick,None
100,0.4357850253582001,0.7838541865348816,0.42226335406303406,0.7799696326255798,<function relu at 0x7f0a1a59cdd0>,32,0.1,None,100,<function sigmoid at 0x7f0a1a5a0320>,<function binary_crossentropy at 0x7f0a1a8324d0>,0.01,15,<class 'keras.optimizer_v2.rmsprop.RMSprop'>,long_funnel,None
100,0.6810371279716492,0.5852864384651184,0.6751417517662048,0.6084977388381958,<function relu at 0x7f0a1a59cdd0>,32,0.1,None,100,<function sigmoid at 0x7f0a1a5a0320>,<function binary_crossentropy at 0x7f0a1a8324d0>,0.001,5,<class 'keras.optimizer_v2.gradient_descent.SGD'>,brick,None
100,0.6792188286781311,0.5852864384651184,0.6738218665122986,0.6084977388381958,<function relu at 0x7f0a1a59cdd0>,32,0.1,None,100,<function sigmoid at 0x7f0a1a5a0320>,<function binary_crossentropy at 0x7f0a1a8324d0>,0.001,5,<class 'keras.optimizer_v2.gradient_descent.SGD'>,long_funnel,None
100,0.5064330697059631,0.7337239384651184,0.5020990967750549,0.7177541851997375,<function relu at 0x7f0a1a59cdd0>,32,0.1,None,100,<function sigmoid at 0x7f0a1a5a0320>,<function binary_crossentropy at 0x7f0a1a8324d0>,0.001,5,<class 'keras.optimizer_v2.adam.Adam'>,brick,None
100,0.472334623336792,0.736328125,0.4957626461982727,0.70257967710495,<function relu at 0x7f0a1a59cdd0>,32,0.1,None,100,<function sigmoid at 0x7f0a1a5a0320>,<function binary_crossentropy at 0x7f0a1a8324d0>,0.001,5,<class 'keras.optimizer_v2.adam.Adam'>,long_funnel,None
100,0.4772765338420868,0.7252604365348816,0.48272931575775146,0.6919575333595276,<function relu at 0x7f0a1a59cdd0>,32,0.1,None,100,<function sigmoid at 0x7f0a1a5a0320>,<function binary_crossentropy at 0x7f0a1a8324d0>,0.001,5,<class 'keras.optimizer_v2.rmsprop.RMSprop'>,brick,None
100,0.48203304409980774,0.7350260615348816,0.4862024784088135,0.7116843461990356,<function relu at 0x7f0a1a59cdd0>,32,0.1,None,100,<function sigmoid at 0x7f0a1a5a0320>,<function binary_crossentropy at 0x7f0a1a8324d0>,0.001,5,<class 'keras.optimizer_v2.rmsprop.RMSprop'>,long_funnel,None
100,0.6791804432868958,0.5852864384651184,0.6738913059234619,0.6084977388381958,<function relu at 0x7f0a1a59cdd0>,32,0.1,None,100,<function sigmoid at 0x7f0a1a5a0320>,<function binary_crossentropy at 0x7f0a1a8324d0>,0.001,15,<class 'keras.optimizer_v2.gradient_descent.SGD'>,brick,None
100,0.6798121333122253,0.5852864384651184,0.6743380427360535,0.6084977388381958,<function relu at 0x7f0a1a59cdd0>,32,0.1,None,100,<function sigmoid at 0x7f0a1a5a0320>,<function binary_crossentropy at 0x7f0a1a8324d0>,0.001,15,<class 'keras.optimizer_v2.gradient_descent.SGD'>,long_funnel,None
100,0.47136613726615906,0.736328125,0.48485615849494934,0.6949924230575562,<function relu at 0x7f0a1a59cdd0>,32,0.1,None,100,<function sigmoid at 0x7f0a1a5a0320>,<function binary_crossentropy at 0x7f0a1a8324d0>,0.001,15,<class 'keras.optimizer_v2.adam.Adam'>,brick,None
100,0.46988925337791443,0.732421875,0.485271692276001,0.7101669311523438,<function relu at 0x7f0a1a59cdd0>,32,0.1,None,100,<function sigmoid at 0x7f0a1a5a0320>,<function binary_crossentropy at 0x7f0a1a8324d0>,0.001,15,<class 'keras.optimizer_v2.adam.Adam'>,long_funnel,None
100,0.46897056698799133,0.724609375,0.47796982526779175,0.6934749484062195,<function relu at 0x7f0a1a59cdd0>,32,0.1,None,100,<function sigmoid at 0x7f0a1a5a0320>,<function binary_crossentropy at 0x7f0a1a8324d0>,0.001,15,<class 'keras.optimizer_v2.rmsprop.RMSprop'>,brick,None
100,0.4741162061691284,0.734375,0.47873619198799133,0.7040970921516418,<function relu at 0x7f0a1a59cdd0>,32,0.1,None,100,<function sigmoid at 0x7f0a1a5a0320>,<function binary_crossentropy at 0x7f0a1a8324d0>,0.001,15,<class 'keras.optimizer_v2.rmsprop.RMSprop'>,long_funnel,None
100,0.6736140847206116,0.5852864384651184,0.6657358407974243,0.6084977388381958,<function relu at 0x7f0a1a59cdd0>,32,0.2,None,100,<function sigmoid at 0x7f0a1a5a0320>,<function binary_crossentropy at 0x7f0a1a8324d0>,0.01,5,<class 'keras.optimizer_v2.gradient_descent.SGD'>,brick,None
100,0.5535843968391418,0.7135416865348816,0.5449690222740173,0.7192716002464294,<function relu at 0x7f0a1a59cdd0>,32,0.2,None,100,<function sigmoid at 0x7f0a1a5a0320>,<function binary_crossentropy at 0x7f0a1a8324d0>,0.01,5,<class 'keras.optimizer_v2.gradient_descent.SGD'>,long_funnel,None
100,0.4590229094028473,0.75390625,0.46186205744743347,0.7238239645957947,<function relu at 0x7f0a1a59cdd0>,32,0.2,None,100,<function sigmoid at 0x7f0a1a5a0320>,<function binary_crossentropy at 0x7f0a1a8324d0>,0.01,5,<class 'keras.optimizer_v2.adam.Adam'>,brick,None
100,0.5253745913505554,0.736328125,0.4904741048812866,0.7389984726905823,<function relu at 0x7f0a1a59cdd0>,32,0.2,None,100,<function sigmoid at 0x7f0a1a5a0320>,<function binary_crossentropy at 0x7f0a1a8324d0>,0.01,5,<class 'keras.optimizer_v2.adam.Adam'>,long_funnel,None
100,0.46708524227142334,0.7486979365348816,0.4688566029071808,0.7162367105484009,<function relu at 0x7f0a1a59cdd0>,32,0.2,None,100,<function sigmoid at 0x7f0a1a5a0320>,<function binary_crossentropy at 0x7f0a1a8324d0>,0.01,5,<class 'keras.optimizer_v2.rmsprop.RMSprop'>,brick,None
100,0.46759697794914246,0.7473958134651184,0.4497808814048767,0.7298938035964966,<function relu at 0x7f0a1a59cdd0>,32,0.2,None,100,<function sigmoid at 0x7f0a1a5a0320>,<function binary_crossentropy at 0x7f0a1a8324d0>,0.01,5,<class 'keras.optimizer_v2.rmsprop.RMSprop'>,long_funnel,None
100,0.663604199886322,0.5852864384651184,0.6574504375457764,0.6084977388381958,<function relu at 0x7f0a1a59cdd0>,32,0.2,None,100,<function sigmoid at 0x7f0a1a5a0320>,<function binary_crossentropy at 0x7f0a1a8324d0>,0.01,15,<class 'keras.optimizer_v2.gradient_descent.SGD'>,brick,None
100,0.6148584485054016,0.6979166865348816,0.6050072312355042,0.6949924230575562,<function relu at 0x7f0a1a59cdd0>,32,0.2,None,100,<function sigmoid at 0x7f0a1a5a0320>,<function binary_crossentropy at 0x7f0a1a8324d0>,0.01,15,<class 'keras.optimizer_v2.gradient_descent.SGD'>,long_funnel,None
100,0.45332491397857666,0.7669270634651184,0.4416091740131378,0.7602428197860718,<function relu at 0x7f0a1a59cdd0>,32,0.2,None,100,<function sigmoid at 0x7f0a1a5a0320>,<function binary_crossentropy at 0x7f0a1a8324d0>,0.01,15,<class 'keras.optimizer_v2.adam.Adam'>,brick,None
100,0.518709123134613,0.6979166865348816,0.4655551016330719,0.7389984726905823,<function relu at 0x7f0a1a59cdd0>,32,0.2,None,100,<function sigmoid at 0x7f0a1a5a0320>,<function binary_crossentropy at 0x7f0a1a8324d0>,0.01,15,<class 'keras.optimizer_v2.adam.Adam'>,long_funnel,None
100,0.44216087460517883,0.7864583134651184,0.44947969913482666,0.740515947341919,<function relu at 0x7f0a1a59cdd0>,32,0.2,None,100,<function sigmoid at 0x7f0a1a5a0320>,<function binary_crossentropy at 0x7f0a1a8324d0>,0.01,15,<class 'keras.optimizer_v2.rmsprop.RMSprop'>,brick,None
100,0.43644675612449646,0.779296875,0.4297865927219391,0.7617602348327637,<function relu at 0x7f0a1a59cdd0>,32,0.2,None,100,<function sigmoid at 0x7f0a1a5a0320>,<function binary_crossentropy at 0x7f0a1a8324d0>,0.01,15,<class 'keras.optimizer_v2.rmsprop.RMSprop'>,long_funnel,None
100,0.6800575852394104,0.5852864384651184,0.6745088696479797,0.6084977388381958,<function relu at 0x7f0a1a59cdd0>,32,0.2,None,100,<function sigmoid at 0x7f0a1a5a0320>,<function binary_crossentropy at 0x7f0a1a8324d0>,0.001,5,<class 'keras.optimizer_v2.gradient_descent.SGD'>,brick,None
100,0.6797383427619934,0.5852864384651184,0.6742638349533081,0.6084977388381958,<function relu at 0x7f0a1a59cdd0>,32,0.2,None,100,<function sigmoid at 0x7f0a1a5a0320>,<function binary_crossentropy at 0x7f0a1a8324d0>,0.001,5,<class 'keras.optimizer_v2.gradient_descent.SGD'>,long_funnel,None
100,0.4795825779438019,0.7220051884651184,0.4926920235157013,0.7010622024536133,<function relu at 0x7f0a1a59cdd0>,32,0.2,None,100,<function sigmoid at 0x7f0a1a5a0320>,<function binary_crossentropy at 0x7f0a1a8324d0>,0.001,5,<class 'keras.optimizer_v2.adam.Adam'>,brick,None
100,0.47728264331817627,0.7161458134651184,0.49413761496543884,0.7086494565010071,<function relu at 0x7f0a1a59cdd0>,32,0.2,None,100,<function sigmoid at 0x7f0a1a5a0320>,<function binary_crossentropy at 0x7f0a1a8324d0>,0.001,5,<class 'keras.optimizer_v2.adam.Adam'>,long_funnel,None
100,0.4759913384914398,0.7259114384651184,0.47961893677711487,0.6980273127555847,<function relu at 0x7f0a1a59cdd0>,32,0.2,None,100,<function sigmoid at 0x7f0a1a5a0320>,<function binary_crossentropy at 0x7f0a1a8324d0>,0.001,5,<class 'keras.optimizer_v2.rmsprop.RMSprop'>,brick,None
100,0.537601888179779,0.6686198115348816,0.49914929270744324,0.7056145668029785,<function relu at 0x7f0a1a59cdd0>,32,0.2,None,100,<function sigmoid at 0x7f0a1a5a0320>,<function binary_crossentropy at 0x7f0a1a8324d0>,0.001,5,<class 'keras.optimizer_v2.rmsprop.RMSprop'>,long_funnel,None
100,0.6798041462898254,0.5852864384651184,0.6740925312042236,0.6084977388381958,<function relu at 0x7f0a1a59cdd0>,32,0.2,None,100,<function sigmoid at 0x7f0a1a5a0320>,<function binary_crossentropy at 0x7f0a1a8324d0>,0.001,15,<class 'keras.optimizer_v2.gradient_descent.SGD'>,brick,None
100,0.6790042519569397,0.5852864384651184,0.6737412214279175,0.6084977388381958,<function relu at 0x7f0a1a59cdd0>,32,0.2,None,100,<function sigmoid at 0x7f0a1a5a0320>,<function binary_crossentropy at 0x7f0a1a8324d0>,0.001,15,<class 'keras.optimizer_v2.gradient_descent.SGD'>,long_funnel,None
100,0.47400104999542236,0.7376301884651184,0.4903409779071808,0.6995447874069214,<function relu at 0x7f0a1a59cdd0>,32,0.2,None,100,<function sigmoid at 0x7f0a1a5a0320>,<function binary_crossentropy at 0x7f0a1a8324d0>,0.001,15,<class 'keras.optimizer_v2.adam.Adam'>,brick,None
100,0.46455588936805725,0.7428385615348816,0.46846264600753784,0.7268588542938232,<function relu at 0x7f0a1a59cdd0>,32,0.2,None,100,<function sigmoid at 0x7f0a1a5a0320>,<function binary_crossentropy at 0x7f0a1a8324d0>,0.001,15,<class 'keras.optimizer_v2.adam.Adam'>,long_funnel,None
100,0.4825528562068939,0.7272135615348816,0.5011419057846069,0.714719295501709,<function relu at 0x7f0a1a59cdd0>,32,0.2,None,100,<function sigmoid at 0x7f0a1a5a0320>,<function binary_crossentropy at 0x7f0a1a8324d0>,0.001,15,<class 'keras.optimizer_v2.rmsprop.RMSprop'>,brick,None
100,0.48249125480651855,0.7200520634651184,0.4829913377761841,0.7010622024536133,<function relu at 0x7f0a1a59cdd0>,32,0.2,None,100,<function sigmoid at 0x7f0a1a5a0320>,<function binary_crossentropy at 0x7f0a1a8324d0>,0.001,15,<class 'keras.optimizer_v2.rmsprop.RMSprop'>,long_funnel,None
